Level,Theme,Tagline,Core Message,Purpose,Best Placement,Tone,Usage Notes
Master,Bold Repositioning,"We don’t do budgets. We do clarity.","Clarity over budgeting.","Brand Positioning","Homepage Hero, Pitch Decks","Bold & Defiant","Use as the primary brand-defining tagline everywhere you introduce Fiscility."
Master,Professional/CFO-Tone,"Your personal finances, with CFO precision.","Operate like a CFO.","Aspirational Positioning","Homepage Hero, Landing Page","Professional & Confident","Use as an alternate hero line for high-earning professionals."
Master,Modern/Rebellious,"Budgets are dead. Long live automation.","Automation replaces budgeting.","Future Positioning","Homepage Hero, Campaign Landing Page","Bold & Futuristic","Use to present Fiscility as a next-generation tool."
Master,Original,"We are NOT a budgeting app. We’re better.","We outperform budgeting apps.","Brand Manifesto","Homepage Hero, About Page","Confident & Contrarian","Use when contrasting against competitors like Mint or YNAB."

Campaign,Bold Repositioning,"Forget budgeting. Start understanding your money.","Understanding beats tracking.","Education & Reframing","Ads, Blog, Onboarding","Insightful & Clear","Use for awareness ads or educational campaigns."
Campaign,Bold Repositioning,"You don’t need a budget. You need a report.","Automation over manual effort.","Category Definition","Landing Pages, Social Ads","Direct & Strategic","Use as strong hook for awareness campaigns."
Campaign,Professional/CFO-Tone,"A CFO’s brain in your inbox.","Automated intelligence.","Product Promise","Email Marketing, Product Page","Smart & Professional","Use when describing automated reports in copy."
Campaign,Modern/Rebellious,"If your bank was smart, it’d look like Fiscility.","Smarter than banks.","Challenger Positioning","Paid Ads, Social Campaigns","Playful & Competitive","Use for challenger-style ads or remarketing."
Campaign,Modern/Rebellious,"Stop tracking. Start knowing.","Insight > Effort.","Behaviour Shift","Social Ads, Blog Posts","Direct & Motivational","Use when reframing user mindset about money tracking."
Campaign,Psychological/Emotional,"See everything. Control everything.","Visibility gives power.","Control & Confidence","Homepage, Dashboard","Calm & Empowering","Use in product UI or onboarding to reinforce control."
Campaign,Punchy/Social,"If spreadsheets had feelings — they’d feel threatened.","Automation superiority.","Humour & Virality","Social Media, Retargeting Ads","Witty & Confident","Use in paid ads or organic social posts."
Campaign,Original,"Your bank doesn’t do it like we do.","We’re a better alternative.","Competitive Edge","Homepage Hero, Ads","Playful & Challenger","Use for bank-comparison campaigns."

Subheadline,Bold Repositioning,"Automated financial reports that make your money make sense.","Simplified clarity.","Product Explanation","Homepage Hero, Landing Page","Simple & Clear","Use as subheadline below main tagline to explain what Fiscility does."
Subheadline,Professional/CFO-Tone,"Get clear, automated insights — no spreadsheets, no effort, no guesswork.","Automation & ease.","Benefit Statement","Homepage Hero, Ads","Professional & Concise","Pair with professional hero lines."
Subheadline,Modern/Rebellious,"Unified dashboards and daily reports your bank can’t even imagine.","Bank alternative.","Feature Highlight","Homepage or App Screens","Bold & Confident","Use when contrasting Fiscility with banks."
Subheadline,Psychological/Emotional,"See every number. Understand every decision. Control every outcome.","Knowledge = control.","Emotional Benefit","Emails, Product Screens","Confident & Reassuring","Use beneath emotionally-driven headlines."
Subheadline,Psychological/Emotional,"Know exactly where your money stands — before you upgrade.","Confidence & transparency.","Reassurance","Pricing Page, Checkout","Trustworthy & Calm","Use near CTAs or upsell prompts."
Subheadline,Punchy/Social,"It’s like having a CFO, but it texts you.","Automation + convenience.","Feature Marketing","Email Campaigns, SMS Promos","Casual & Smart","Use for SMS or short-form copy."

Emotional,Psychological/Emotional,"Clarity creates confidence.","Clarity = confidence.","Emotional Core","Emails, About Page, Testimonials","Calm & Reassuring","Use consistently as brand mantra or sign-off."
Emotional,Psychological/Emotional,"The calm of knowing exactly where you stand.","Peace of mind.","Reassurance","Onboarding, Email Nurture","Peaceful & Grounded","Use in onboarding flows or retention emails."
Emotional,Psychological/Emotional,"Financial peace comes from financial clarity.","Peace from knowledge.","Brand Ethos","About Page, Video Outro","Reflective & Aspirational","Use to close brand storytelling content."
Emotional,Psychological/Emotional,"Confidence delivered with your morning coffee.","Daily ritual of clarity.","Emotional Habit","Email Header, Daily Report","Warm & Routine","Use in recurring daily report or email copy."
Emotional,Psychological/Emotional,"Control isn’t spreadsheets — it’s insight.","Insight gives control.","Mindset Shift","Blog, About Page","Insightful & Thoughtful","Use to reframe traditional thinking around control."
Emotional,Professional/CFO-Tone,"For people who take their money seriously.","Professional responsibility.","Trust Building","Pricing Page, Email Footer","Calm & Serious","Use to reinforce credibility at decision points."

Campaign,Punchy/Social,"Your wallet deserves a dashboard.","Visual clarity.","Engagement","Social Media, Ad Headlines","Playful & Visual","Use for fun, image-driven social posts."
Campaign,Punchy/Social,"Clarity > Budgeting.","Clarity wins.","Social Motto","X/Twitter, Graphics, Merch","Minimal & Modern","Use for slogans, visuals, or shareable content."
Campaign,Punchy/Social,"We make your money make sense.","Simple explanation.","Mass Appeal","Homepage, Ads","Friendly & Approachable","Use for broad awareness campaigns."
Campaign,Punchy/Social,"Reports. Not reminders.","Simplicity.","Feature Highlight","App UI, Email Headers","Short & Assertive","Use in product copy and empty states."
Campaign,Punchy/Social,"Numbers don’t lie. Neither do our reports.","Accuracy & trust.","Proof Statement","Testimonials, Ads","Witty & Confident","Use in credibility or proof-based messaging."
Campaign,Punchy/Social,"The clarity app your accountant wishes you had.","Humour + authority.","Relatability","Social Media, Influencer Content","Playful & Clever","Use for engagement or influencer cross-posts."
Campaign,Bold Repositioning,"Your spreadsheet just got promoted.","Upgrade from manual to automated.","Brand Evolution","LinkedIn, Ads","Playful & Aspirational","Use when highlighting automation benefits."
Campaign,Modern/Rebellious,"It’s not a finance app. It’s an advantage.","Tool as leverage.","Differentiation","Homepage, Press Mentions","Strategic & Elevated","Use for thought leadership or positioning."

Master,Original,"This is for you if you know what CFO stands for.","Exclusive tone.","Audience Targeting","Landing Pages, Ads, Email Headers","Aspirational & Exclusive","Use to attract ambitious, financially literate users."
Master,Modern/Rebellious,"The future of money management looks nothing like your bank.","Future-forward vision.","Category Creation","Homepage Hero, PR Pieces","Innovative & Disruptive","Use for media, PR, or campaign introductions."
Master,Professional/CFO-Tone,"Run your money like a business.","Financial discipline.","Mindset Positioning","Homepage, Advisor Outreach","Ambitious & Serious","Use for B2B or advisor partner positioning."